"_id","name","contact","email","date","startTime","endTime","cancellationTime","__v","seat"
"67f259639fa884292f463373","ppp","9999999999","shamb51@gmail.com","2025-04-09","15:35 PM","15:55 PM","2025-04-06T10:37:23.709Z",0,
"67f25f6a844f0303a9897ded","momo","1111131141","shg@gmail.com","2025-04-09","16:36 PM","16:10 PM","2025-04-06T11:03:06.298Z",0,
"67f2699695b0c279e9e850f6","atharv","7827910168",,,,,"2025-04-06T11:46:30.576Z",0,
"67f269d195b0c279e9e850fb","simsim","1234567890",,,,,"2025-04-06T11:47:29.403Z",0,
"67f269fa95b0c279e9e850ff","nkm","8787878787","shambhavi5511@gmail.com",,,,"2025-04-06T11:48:10.583Z",0,
"67f27f6ae80df9eea6b8d049","nkm","8787878787","sg@gmail.com",,,,"2025-04-06T13:19:38.883Z",0,
"67f2a0e244861554560291fe","atharv","7w727w72u",,,,,"2025-04-06T15:42:26.194Z",0,"7"
"67f2a45330a1266c32abc7e8","ppp","9999999993","sham51@gmail.com","2025-04-07","16:30 PM","16:13 PM","2025-04-06T15:57:07.953Z",0,
"67f2a46830a1266c32abc7ec","ppp","9999999999","shamb51@gmail.com","2025-04-06","16:30 PM","16:13 PM","2025-04-06T15:57:28.591Z",0,
"67f2a48130a1266c32abc7f1","atharv","11",,,,,"2025-04-06T15:57:53.871Z",0,"3"
"67f2b3cc61c63ad974ef5c23","Tarushi","1234566890",,"2025-04-10","10:00","11:00","2025-04-06T17:03:08.015Z",0,"9"
"67f2b3cc61c63ad974ef5c26","Tarushi","1234566890",,"2025-04-10","10:00","11:00","2025-04-06T17:03:08.103Z",0,"10"
"67f2b3cc61c63ad974ef5c29","Tarushi","1234566890",,"2025-04-10","10:00","11:00","2025-04-06T17:03:08.186Z",0,"22"
"67f2bbf34f7dfa602eee57fa","Tarushi","9876543210",,"2025-04-06","10:00","12:00","2025-04-06T17:37:55.869Z",0,"1"
"67f2cc7e60c37e01f4b5fc50","l","l",,,,,"2025-04-06T18:48:30.638Z",0,"13"